ID,Sex,DR,Use,RecDate,BirthDate,Ht,Race,Edu,Age,Ht_cm
ABC0,M,6,TRN,3/3/1986,6/17/1960,"5'11""",WHT,BS,25.7260274,180.34
ABW0,M,2,TST,4/21/1986,5/26/1959,"5'9""",WHT,BS,26.92328767,175.26
ADC0,M,3,TRN,2/25/1986,4/27/1954,"5'9""",WHT,HS,31.85479452,175.26
ADD0,M,7,TRN,1/28/1986,3/23/1958,"6'2""",WHT,BS,27.87123288,187.96
ADG0,F,4,TST,2/12/1986,4/11/1959,"5'4""",WHT,MS,26.86027397,162.56
AEB0,M,4,TRN,4/10/1986,9/20/1937,"5'11""",WHT,HS,48.58630137,180.34
AEM0,F,2,TRN,2/27/1986,5/13/1960,"5'3""",WHT,BS,25.8109589,160.02
AEO0,M,7,TRN,2/20/1986,7/19/1955,"5'11""",WHT,BS,30.61369863,180.34
AFM0,M,7,TRN,3/31/1986,12/22/1952,"5'08""",WHT,BS,33.29315068,172.72
AHH0,M,5,TST,2/14/1986,2/22/1953,"5'10""",BLK,BS,33,177.8
AJC0,M,8,TST,3/11/1986,12/25/1958,"6'00""",WHT,BS,27.22739726,182.88
AJP0,M,6,TRN,5/6/1986,8/23/1963,"5'11""",WHT,BS,22.71780822,180.34
AJW0,F,2,TRN,2/11/1986,3/31/1958,"5'8""",WHT,HS,27.88767123,172.72
AKB0,M,3,TRN,4/16/1986,9/18/1951,"6'0""",WHT,MS,34.6,182.88
AKR0,M,3,TRN,2/24/1986,4/9/1963,"6'0""",WHT,MS,22.89589041,182.88
AKS0,F,1,TST,4/1/1986,12/5/1957,"5'04""",WHT,PHD,28.33972603,162.56
ALK0,F,3,TRN,1/28/1986,7/23/1938,"5'6""",WHT,HS,47.55068493,167.64
ALR0,F,4,TRN,2/20/1986,6/5/1962,"5'4""",WHT,BS,23.72876712,162.56
APB0,F,6,TRN,4/30/1986,9/18/1945,"5'5""",WHT,HS,40.64109589,165.1
APV0,M,3,TRN,2/13/1986,3/26/1948,"5'10""",WHT,MS,37.91232877,177.8
ARC0,M,2,TRN,1/30/1986,12/3/1957,"5'9""",WHT,MS,28.17808219,175.26
ARW0,M,4,TRN,2/12/1986,11/5/1960,"5'10""",WHT,BS,25.28767123,177.8
ASW0,F,5,TST,3/26/1986,1/6/1931,"5'06""",WHT,??,55.25479452,167.64
AWF0,F,5,TST,4/14/1986,12/19/1958,"5'7""",WHT,BS,27.3369863,170.18
BAR0,M,7,TRN,2/19/1986,7/18/1962,"6'1""",WHT,BS,23.60821918,185.42
BAS0,F,4,TRN,2/26/1986,9/4/1933,"5'5""",WHT,BS,52.51506849,165.1
BBR0,M,7,TRN,4/29/1986,8/18/1957,"5'8""",WHT,BS,28.71506849,172.72
BCG0,M,8,TRN,4/2/1986,8/11/1959,"5'8""",WHT,BS,26.66027397,172.72
BCG1,F,8,TRN,4/9/1986,2/23/1959,"4'9""",???,BS,27.14246575,144.78
BCH0,F,6,TRN,4/2/1986,7/8/1959,"5'06""",WHT,BS,26.75342466,167.64
BDG0,M,3,TST,3/11/1986,4/30/1958,"5'11""",WHT,MS,27.88219178,180.34
BEF0,M,3,TRN,2/12/1986,11/4/1952,"5'11""",WHT,PHD,33.29589041,180.34
BGT0,M,5,TRN,2/21/1986,3/22/1958,"5'10""",WHT,BS,27.93972603,177.8
BJK0,M,2,TST,1/29/1986,10/2/1961,"6'3""",WHT,BS,24.34246575,190.5
BJL0,F,5,TRN,3/26/1986,9/17/1962,"5'07""",WHT,BS,23.5369863,170.18
BJV0,M,2,TRN,2/5/1986,9/25/1961,"6'0""",WHT,BS,24.38082192,182.88
BLV0,F,7,TRN,4/29/1986,12/14/1958,"5'8""",WHT,MS,27.39178082,172.72
BMA0,M,4,TRN,2/4/1986,10/8/1941,"6'3""",WHT,PHD,44.35616438,190.5
BMA1,M,6,TRN,4/2/1986,8/16/1954,"6'02""",WHT,BS,31.64931507,187.96
BMH0,F,5,TRN,1/23/1986,2/26/1946,"5'6""",WHT,HS,39.93424658,167.64
BMJ0,F,4,TRN,1/24/1986,5/23/1940,"5'3""",WHT,HS,45.70410959,160.02
BML0,M,7,TRN,1/28/1986,8/28/1959,"6'2""",WHT,BS,26.43835616,187.96
BNS0,M,4,TST,2/3/1986,9/22/1956,"5'11""",WHT,MS,29.38630137,180.34
BOM0,M,7,TRN,4/16/1986,7/30/1959,"5'10""",WHT,BS,26.73150685,177.8
BPM0,M,5,TST,4/1/1986,8/21/1960,"5'09""",WHT,MS,25.62739726,175.26
BSB0,M,8,TRN,2/24/1986,12/17/1962,"5'11""",WHT,??,23.20547945,180.34
BTH0,M,7,TRN,3/12/1986,5/11/1962,"6'02""",WHT,BS,23.85205479,187.96
BWM0,M,3,TST,2/17/1986,12/20/1954,"6'2""",WHT,HS,31.18356164,187.96
BWP0,M,4,TRN,2/21/1986,4/28/1947,"6'0""",WHT,BS,38.84657534,182.88
CAE0,M,6,TRN,3/7/1986,5/28/1957,"6'00""",BLK,HS,28.79452055,182.88
CAG0,F,4,TRN,3/18/1986,3/10/1962,"5'11""",WHT,MS,24.03835616,180.34
CAJ0,F,2,TRN,3/13/1986,8/6/1950,"5'08""",WHT,HS,35.62465753,172.72
CAL0,M,3,TRN,1/23/1986,6/23/1959,"6'3""",WHT,BS,26.60547945,190.5
CAL1,F,5,TST,2/28/1986,1/20/1956,"5'4""",WHT,HS,30.12876712,162.56
CAU0,F,7,TST,4/21/1986,3/8/1963,"5'10""",WHT,MS,23.1369863,177.8
CCS0,M,2,TST,3/12/1986,5/27/1942,"5'08""",WHT,HS,43.82191781,172.72
CDC0,M,3,TRN,2/13/1986,10/19/1959,"5'9""",WHT,BS,26.33972603,175.26
CDD0,M,3,TRN,3/19/1986,5/4/1955,"6'02""",WHT,BS,30.89589041,187.96
CDR0,M,4,TRN,1/27/1986,12/29/1960,"5'10""",WHT,BS,25.09589041,177.8
CDR1,F,5,TRN,1/29/1986,10/22/1962,"5'8""",BLK,HS,23.28767123,172.72
CEF0,M,3,TRN,1/23/1986,11/23/1957,"5'8""",WHT,BS,28.18630137,172.72
CEG0,F,8,TRN,2/5/1986,9/10/1958,"5'3""",WHT,BS,27.42465753,160.02
CEM0,M,2,TST,2/27/1986,9/9/1957,"5'9""",BLK,??,28.48767123,175.26
CEW0,M,2,TRN,3/6/1986,7/9/1939,"6'02""",WHT,MS,46.69041096,187.96
CFT0,F,4,TST,1/29/1986,3/10/1963,"5'3""",WHT,HS,22.90684932,160.02
CHH0,M,7,TST,4/15/1986,9/25/1942,"6'5""",WHT,PHD,43.58356164,195.58
CHL0,M,5,TRN,2/24/1986,12/11/1960,"6'3""",WHT,HS,25.22191781,190.5
CJF0,F,1,TRN,4/18/1986,8/31/1962,"5'4""",WHT,BS,23.64657534,162.56
CJS0,F,7,TRN,4/9/1986,7/10/1944,"5'9""",WHT,MS,41.77534247,175.26
CKE0,F,3,TRN,1/21/1986,3/26/1960,"5'8""",WHT,BS,25.84109589,172.72
CLK0,M,7,TRN,4/18/1986,8/12/1964,"5'10""",WHT,HS,21.69589041,177.8
CLM0,M,5,TRN,3/10/1986,11/28/1945,"6'03""",WHT,BS,40.30684932,190.5
CLT0,F,8,TRN,3/5/1986,10/16/1946,"5'0""",WHT,AS,39.4109589,152.4
CMB0,M,5,TST,2/11/1986,9/6/1948,"6'3""",WHT,PHD,37.45753425,190.5
CMG0,F,3,TRN,2/5/1986,4/1/1960,"5'6""",WHT,BS,25.86575342,167.64
CMH0,F,3,TST,3/10/1986,6/6/1943,"5'08""",WHT,MS,42.7890411,172.72
CMH1,F,8,TST,3/14/1986,5/1/1962,"5'06""",WHT,BS,23.88493151,167.64
CMJ0,M,6,TST,1/16/1986,2/6/1958,"5'7""",WHT,MS,27.96164384,170.18
CMM0,F,2,TRN,1/9/1986,1/30/1960,"5'2""",WHT,HS,25.96164384,157.48
CMR0,F,2,TST,1/21/1986,4/6/1951,"5'3""",WHT,MS,34.81917808,160.02
CPM0,M,1,TRN,1/30/1986,2/18/1962,"5'6""",WHT,BS,23.96438356,167.64
CRC0,M,5,TST,1/31/1986,8/6/1947,"5'7""",WHT,MS,38.51506849,170.18
CRE0,M,7,TRN,1/22/1986,9/9/1960,"6'0""",WHT,BS,25.38630137,182.88
CRH0,F,4,TST,1/17/1986,2/24/1958,"5'4""",BLK,HS,27.91506849,162.56
CRZ0,F,7,TRN,3/4/1986,8/30/1929,"5'2""",WHT,HS,56.54794521,157.48
CSH0,M,3,TST,3/25/1986,11/19/1932,"5'11""",WHT,BS,53.38082192,180.34
CSS0,M,4,TRN,2/26/1986,9/14/1961,"5'10""",WHT,BS,24.46849315,177.8
CTH0,M,7,TRN,1/31/1986,10/16/1959,"6'2""",WHT,MS,26.31232877,187.96
CTM0,M,2,TRN,2/24/1986,8/29/1955,"6'0""",WHT,HS,30.51232877,182.88
CTT0,M,5,TST,3/26/1986,5/24/1962,"5'11""",WHT,BS,23.85479452,180.34
CTW0,M,3,TST,2/25/1986,2/26/1960,"6'8""",???,BS,26.01643836,203.2
CXM0,M,8,TRN,2/24/1986,9/7/1958,"5'9""",HIS,HS,27.48493151,175.26
CYL0,F,2,TRN,2/14/1986,2/16/1959,"5'7""",WHT,BS,27.01369863,170.18
DAB0,M,1,TST,4/21/1986,12/15/1962,"5'11""",WHT,BS,23.36438356,180.34
DAC0,M,1,TRN,2/11/1986,11/29/1960,"5'10""",WHT,BS,25.21917808,177.8
DAC1,F,1,TST,3/12/1986,11/5/1918,"5'01""",WHT,HS,67.39452055,154.94
DAC2,M,5,TST,4/14/1986,4/6/1961,"5'10""",WHT,BS,25.03835616,177.8
DAS0,M,5,TRN,2/11/1986,7/12/1961,"6'1""",WHT,BS,24.60273973,185.42
DAS1,F,2,TRN,3/11/1986,12/30/1959,"5'09""",WHT,MS,26.21369863,175.26
DAW0,F,1,TRN,2/28/1986,7/18/1960,"5'4""",WHT,HS,25.63287671,162.56
DAW1,M,8,TST,3/10/1986,11/17/1957,"5'10""",WHT,BS,28.32876712,177.8
DBB0,M,2,TST,1/30/1986,10/2/1933,"5'10""",WHT,MS,52.36438356,177.8
DBB1,M,3,TRN,4/15/1986,2/27/1962,"5'11""",WHT,BS,24.14520548,180.34
DBP0,M,2,TRN,1/27/1986,1/25/1962,"5'9""",WHT,BS,24.02191781,175.26
DCD0,M,4,TRN,3/3/1986,11/20/1933,"5'11""",WHT,HS,52.31780822,180.34
DCM0,M,7,TRN,3/13/1986,11/24/1959,"5'11""",WHT,MS,26.31780822,180.34
DDC0,M,3,TRN,3/3/1986,7/16/1953,"5'7""",WHT,MS,32.65205479,170.18
DED0,M,7,TRN,1/28/1986,12/20/1959,"5'10""",???,BS,26.1260274,177.8
DEF0,M,3,TRN,3/31/1986,1/29/1952,"5'09""",WHT,BS,34.19178082,175.26
DEM0,M,2,TRN,2/5/1986,9/11/1961,"6'0""",WHT,BS,24.41917808,182.88
DFB0,F,3,TRN,2/19/1986,11/1/1961,"5'6""",???,BS,24.31780822,167.64
DHC0,F,7,TST,3/26/1986,3/17/1956,"5'07""",WHT,MS,30.04383562,170.18
DHL0,M,5,TRN,3/5/1986,7/31/1952,"5'8""",BLK,BS,33.61643836,172.72
DHS0,M,3,TRN,3/21/1986,7/17/1953,"5'06""",WHT,MS,32.69863014,167.64
DJH0,F,3,TRN,3/31/1986,3/24/1961,"5'02""",WHT,BS,25.03561644,157.48
DJM0,M,3,TRN,3/10/1986,3/8/1960,"6'04""",WHT,BS,26.02191781,193.04
DKN0,F,4,TRN,5/9/1986,7/4/1954,"6'0""",WHT,PHD,31.86849315,182.88
DKS0,M,7,TRN,5/2/1986,3/25/1957,"6'5""",WHT,BS,29.12328767,195.58
DLB0,M,2,TRN,2/17/1986,5/17/1951,"5'8""",WHT,AS,34.78082192,172.72
DLC0,M,3,TRN,2/27/1986,4/28/1942,"5'8""",WHT,??,43.86575342,172.72
DLC1,M,7,TRN,3/5/1986,4/25/1950,"6'1""",WHT,MS,35.88493151,185.42
DLC2,M,2,TRN,4/9/1986,11/18/1959,"5'9""",WHT,MS,26.40821918,175.26
DLD0,M,2,TST,3/25/1986,7/23/1961,"5'10""",WHT,MS,24.68767123,177.8
DLF0,M,7,TST,4/2/1986,7/20/1961,"6'03""",WHT,BS,24.71780822,190.5
DLH0,M,3,TRN,2/20/1986,4/7/1955,"5'11""",WHT,BS,30.89589041,180.34
DLM0,M,7,TRN,2/5/1986,7/10/1952,"6'2""",WHT,MS,33.59726027,187.96
DLR0,M,7,TRN,2/4/1986,5/2/1956,"5'8""",WHT,BS,29.78082192,172.72
DLR1,M,7,TRN,2/14/1986,1/22/1963,"5'9""",WHT,AS,23.07945205,175.26
DLS0,M,4,TST,4/14/1986,6/26/1959,"5'9""",WHT,MS,26.81917808,175.26
DMA0,M,4,TRN,3/4/1986,4/22/1958,"5'9""",WHT,MS,27.88493151,175.26
DML0,F,1,TRN,1/24/1986,3/19/1963,"5'6""",WHT,BS,22.86849315,167.64
DMS0,F,4,TST,2/3/1986,1/30/1954,"5'4""",WHT,BS,32.03287671,162.56
DMT0,M,2,TRN,1/31/1986,7/13/1956,"6'0""",WHT,MS,29.57260274,182.88
DMY0,F,5,TRN,1/30/1986,8/30/1960,"5'6""",BLK,AS,25.43561644,167.64
DNC0,F,2,TRN,2/12/1986,4/27/1946,"5'4""",WHT,HS,39.82465753,162.56
DNS0,M,3,TRN,4/16/1986,11/23/1955,"5'8""",WHT,BS,30.41643836,172.72
DPB0,M,7,TRN,3/18/1986,9/7/1959,"5'09""",WHT,MS,26.54520548,175.26
DPK0,M,1,TRN,4/29/1986,9/7/1960,"5'2""",WHT,BS,25.65753425,157.48
DPS0,M,2,TRN,2/24/1986,5/22/1953,"6'1""",WHT,HS,32.78356164,185.42
DRB0,M,5,TST,1/29/1986,8/23/1959,"6'0""",BLK,BS,26.45479452,182.88
DRD0,M,6,TRN,2/26/1986,6/11/1961,"6'5""",WHT,HS,24.72876712,195.58
DRD1,F,2,TST,3/25/1986,7/24/1963,"5'04""",WHT,BS,22.68493151,162.56
DRM0,M,4,TST,4/16/1986,10/26/1955,"6'0""",WHT,MS,30.49315068,182.88
DRW0,F,6,TST,2/13/1986,11/29/1961,"5'2""",WHT,BS,24.22465753,157.48
DSC0,M,6,TST,4/21/1986,12/27/1943,"5'7""",WHT,PHD,42.34520548,170.18
DSJ0,M,5,TRN,3/11/1986,7/19/1952,"6'02""",WHT,MS,33.66575342,187.96
DSS0,M,2,TRN,2/5/1986,8/22/1958,"5'9""",WHT,BS,27.47671233,175.26
DSS1,M,3,TRN,2/20/1986,8/24/1955,"6'1""",WHT,BS,30.51506849,185.42
DTB0,M,3,TRN,1/31/1986,7/15/1942,"5'10""",AMR,BS,43.57808219,177.8
DTD0,F,5,TRN,3/31/1986,12/11/1954,"5'08""",BLK,BS,31.32328767,172.72
DVC0,M,7,TST,3/31/1986,2/11/1955,"5'11""",WHT,PHD,31.15342466,180.34
DWA0,M,5,TST,3/6/1986,9/18/1959,"5'11""",WHT,BS,26.48219178,180.34
DWD0,M,2,TRN,2/11/1986,7/3/1962,"5'10""",WHT,BS,23.62739726,177.8
DWH0,M,5,TRN,2/14/1986,2/12/1962,"6'2""",WHT,BS,24.02191781,187.96
DWK0,M,5,TST,3/25/1986,1/9/1932,"5'08""",WHT,BS,54.24383562,172.72
DWM0,M,3,TRN,3/25/1986,2/1/1962,"5'10""",WHT,BS,24.15890411,177.8
DXW0,F,2,TRN,3/19/1986,12/31/1961,"5'09""",WHT,BS,24.23013699,175.26
EAC0,F,2,TRN,2/5/1986,11/27/1950,"5'4""",WHT,BS,35.21643836,162.56
EAL0,M,6,TRN,3/25/1986,11/2/1963,"5'10""",WHT,BS,22.40821918,177.8
EAR0,F,5,TRN,2/5/1986,12/3/1945,"5'8""",WHT,HS,40.20273973,172.72
ECD0,F,1,TRN,3/3/1986,3/8/1949,"5'2""",WHT,BS,37.0109589,157.48
EDR0,M,1,TRN,2/25/1986,11/1/1960,"5'6""",???,BS,25.33424658,167.64
EDW0,F,4,TST,1/15/1986,1/17/1960,"5'7""",BLK,HS,26.01369863,170.18
EEH0,F,4,TRN,1/21/1986,3/10/1962,"5'4""",WHT,BS,23.88493151,162.56
EFG0,M,2,TRN,1/16/1986,2/26/1956,"5'8""",WHT,BS,29.90958904,172.72
EGJ0,M,5,TRN,2/20/1986,5/11/1954,"6'4""",WHT,??,31.80273973,193.04
EJL0,M,6,TRN,4/2/1986,8/1/1957,"5'9""",WHT,MS,28.68767123,175.26
EJS0,M,8,TRN,2/5/1986,3/28/1950,"5'11""",WHT,MS,35.88493151,180.34
ELC0,F,1,TST,2/26/1986,5/20/1954,"5'4""",WHT,BS,31.79452055,162.56
EME0,F,3,TRN,3/18/1986,3/29/1934,"5'09""",WHT,BS,52.00547945,175.26
ERS0,M,7,TST,4/17/1986,2/6/1957,"5'8""",WHT,MS,29.2109589,172.72
ESD0,M,6,TST,4/15/1986,1/4/1962,"5'8""",WHT,BS,24.29315068,172.72
ESG0,M,4,TRN,2/20/1986,5/24/1963,"6'0""",WHT,??,22.76164384,182.88
ESJ0,M,6,TRN,4/14/1986,12/31/1957,"5'8""",WHT,BS,28.30410959,172.72
ETB0,F,1,TRN,1/24/1986,6/16/1960,"5'0""",WHT,BS,25.62465753,152.4
EWM0,M,5,TRN,2/24/1986,11/29/1963,"5'8""",WHT,HS,22.25479452,172.72
EXM0,F,5,TRN,1/20/1986,12/3/1954,"5'4""",BLK,MS,31.15342466,162.56
FER0,M,5,TRN,3/14/1986,6/20/1956,"6'03""",WHT,BS,29.75068493,190.5
FGK0,M,5,TST,1/21/1986,1/25/1957,"5'6""",WHT,BS,29.00821918,167.64
FMC0,M,3,TRN,1/23/1986,8/27/1961,"6'3""",WHT,BS,24.42465753,190.5
FRM0,M,4,TRN,1/27/1986,4/10/1956,"5'11""",WHT,BS,29.81917808,180.34
FWK0,M,4,TRN,2/5/1986,10/19/1948,"5'9""",WHT,BS,37.32328767,175.26
FXS0,M,7,TRN,4/23/1986,4/19/1946,"5'6""",WHT,BS,40.03835616,167.64
FXV0,M,7,TRN,4/15/1986,7/9/1941,"6'3""",WHT,PHD,44.79726027,190.5
GAF0,M,3,TRN,2/12/1986,12/11/1948,"5'11""",WHT,MS,37.19726027,180.34
GAG0,M,4,TRN,2/19/1986,10/6/1962,"6'0""",WHT,AS,23.3890411,182.88
GAK0,M,7,TRN,4/21/1986,9/20/1950,"6'2""",WHT,MS,35.60821918,187.96
GAR0,M,7,TRN,1/31/1986,11/28/1961,"5'10""",WHT,BS,24.19178082,177.8
GAW0,M,7,TRN,1/28/1986,11/11/1960,"5'11""",WHT,BS,25.23013699,180.34
GCS0,F,3,TRN,3/13/1986,7/14/1962,"5'03""",WHT,BS,23.67945205,160.02
GDP0,F,5,TRN,4/10/1986,12/16/1958,"4'10""",BLK,BS,27.33424658,147.32
GES0,M,5,TRN,3/13/1986,2/21/1960,"6'03""",WHT,MS,26.0739726,190.5
GJC0,M,4,TRN,2/20/1986,7/29/1962,"5'9""",WHT,??,23.58082192,175.26
GJD0,F,4,TST,1/29/1986,12/10/1960,"5'6""",WHT,HS,25.15342466,167.64
GJF0,M,3,TST,2/11/1986,8/16/1950,"5'11""",WHT,MS,35.51506849,180.34
GLB0,M,3,TST,3/24/1986,4/22/1949,"5'11""",WHT,MS,36.94520548,180.34
GMB0,F,5,TRN,1/24/1986,7/10/1958,"5'8""",WHT,MS,27.56164384,172.72
GMD0,F,5,TST,2/18/1986,11/6/1962,"5'3""",WHT,BS,23.30136986,160.02
GMM0,M,4,TST,1/23/1986,8/19/1962,"5'10""",WHT,BS,23.44657534,177.8
GRL0,M,1,TRN,3/18/1986,2/20/1948,"6'01""",WHT,BS,38.09863014,185.42
GRP0,M,4,TRN,2/18/1986,2/20/1929,"6'1""",WHT,MS,57.03287671,185.42
GRT0,M,7,TST,3/7/1986,8/25/1956,"6'03""",WHT,BS,29.55068493,190.5
GRW0,F,3,TRN,1/27/1986,5/22/1961,"5'3""",WHT,HS,24.70136986,160.02
GSH0,M,5,TRN,1/29/1986,10/9/1957,"6'0""",WHT,BS,28.3260274,182.88
GSL0,M,7,TRN,1/28/1986,7/15/1947,"6'4""",WHT,PHD,38.56712329,193.04
GWR0,F,7,TST,4/1/1986,10/8/1960,"5'08""",WHT,BS,25.49589041,172.72
GWT0,M,2,TST,3/25/1986,7/15/1921,"5'06""",WHT,BS,64.7369863,167.64
GXP0,M,4,TRN,2/3/1986,5/15/1950,"5'8""",BLK,BS,35.74794521,172.72
HBS0,M,7,TRN,4/1/1986,2/15/1962,"5'10""",WHT,BS,24.13972603,177.8
HES0,F,5,TST,1/21/1986,11/29/1960,"5'5""",WHT,MS,25.16164384,165.1
HEW0,F,5,TST,2/27/1986,4/11/1934,"5'0""",WHT,HS,51.91780822,152.4
HIT0,M,5,TRN,4/9/1986,1/2/1959,"5'9""",BLK,BS,27.28493151,175.26
HJB0,M,3,TRN,4/17/1986,12/20/1958,"6'1""",WHT,BS,27.34246575,185.42
HLM0,F,2,TRN,3/31/1986,6/18/1943,"5'03""",WHT,HS,42.81369863,160.02
HMG0,M,5,TRN,2/25/1986,8/8/1959,"5'11""",WHT,BS,26.56986301,180.34
HMR0,M,3,TRN,1/22/1986,1/21/1962,"5'10""",WHT,BS,24.01917808,177.8
HPG0,M,3,TST,1/17/1986,9/19/1947,"5'9""",WHT,BS,38.35616438,175.26
HRM0,M,2,TRN,4/2/1986,7/2/1956,"6'2""",WHT,AS,29.76986301,187.96
HXL0,M,7,TRN,1/24/1986,9/9/1951,"5'10""",ORN,MS,34.4,177.8
HXS0,F,6,TRN,5/7/1986,8/20/1941,"5'6""",WHT,BS,44.74246575,167.64
ILB0,M,3,TRN,3/24/1986,6/7/1955,"6'03""",WHT,BS,30.81643836,190.5
ISB0,F,7,TST,4/1/1986,2/12/1951,"5'10""",WHT,HS,35.15616438,177.8
JAC0,M,4,TRN,2/20/1986,10/10/1940,"5'8""",WHT,BS,45.39452055,172.72
JAE0,M,2,TRN,3/20/1986,3/21/1963,"5'09""",WHT,BS,23.01369863,175.26
JAI0,M,7,TRN,4/8/1986,3/14/1962,"5'10""",WHT,BS,24.08493151,177.8
JAR0,M,2,TST,2/25/1986,11/13/1961,"5'11""",WHT,BS,24.30136986,180.34
JAS0,F,2,TST,2/27/1986,7/21/1947,"5'8""",WHT,PHD,38.63287671,172.72
JBG0,M,2,TRN,2/4/1986,4/14/1959,"5'11""",WHT,BS,26.83013699,180.34
JBR0,M,3,TST,4/15/1986,7/22/1950,"5'10""",WHT,MS,35.75616438,177.8
JCS0,F,5,TST,2/18/1986,12/27/1951,"5'4""",WHT,BS,34.16986301,162.56
JDA0,M,3,TRN,4/18/1986,3/1/1954,"5'7""",WHT,BS,32.15342466,170.18
JDC0,M,4,TRN,1/28/1986,9/29/1958,"6'2""",WHT,BS,27.35068493,187.96
JDE0,M,2,TRN,1/22/1986,9/20/1962,"6'0""",WHT,BS,23.35616438,182.88
JDG0,M,7,TRN,4/23/1986,11/12/1956,"5'3""",ORN,BS,29.4630137,160.02
JDH0,M,6,TST,2/24/1986,9/26/1950,"6'1""",WHT,BS,35.43835616,185.42
JDM0,M,5,TRN,2/21/1986,2/19/1951,"6'1""",WHT,MS,35.03013699,185.42
JDM1,M,4,TST,3/7/1986,5/17/1961,"6'0""",WHT,BS,24.82191781,182.88
JDM2,F,6,TRN,4/1/1986,10/6/1955,"5'05""",WHT,BS,30.50684932,165.1
JEB0,M,2,TRN,2/13/1986,12/21/1947,"5'8""",WHT,MS,38.17534247,172.72
JEB1,M,1,TRN,3/12/1986,1/25/1959,"5'09""",WHT,MS,27.14520548,175.26
JEE0,M,4,TRN,2/5/1986,6/29/1956,"5'11""",WHT,MS,29.62465753,180.34
JEM0,F,1,TST,2/11/1986,11/6/1951,"5'6""",WHT,MS,34.29041096,167.64
JEN0,F,7,TRN,4/23/1986,9/13/1963,"5'8""",WHT,BS,22.62465753,172.72
JES0,M,3,TST,2/26/1986,1/29/1963,"5'5""",WHT,BS,23.09315068,165.1
JFC0,M,6,TST,4/21/1986,3/16/1959,"6'0""",WHT,BS,27.11780822,182.88
JFH0,M,5,TRN,1/21/1986,1/25/1958,"5'9""",WHT,MS,28.00821918,175.26
JFR0,M,7,TRN,4/9/1986,10/9/1939,"5'8""",WHT,MS,46.53150685,172.72
JHI0,M,2,TRN,2/20/1986,5/28/1952,"5'7""",BLK,HS,33.75616438,170.18
JHK0,F,7,TRN,4/17/1986,7/21/1960,"5'2""",???,MS,25.75616438,157.48
JJB0,M,3,TRN,1/23/1986,4/18/1959,"6'0""",WHT,BS,26.78630137,182.88
JJG0,M,3,TST,4/15/1986,7/1/1961,"6'1""",WHT,BS,24.80547945,185.42
JJJ0,M,4,TRN,1/28/1986,11/16/1939,"6'1""",WHT,BS,46.23287671,185.42
JJM0,M,7,TRN,3/11/1986,6/24/1962,"6'01""",WHT,BS,23.72876712,185.42
JKL0,F,2,TRN,3/31/1986,1/31/1959,"5'06""",WHT,BS,27.18082192,167.64
JKR0,M,3,TRN,1/31/1986,12/2/1953,"6'6""",WHT,MS,32.18630137,198.12
JLB0,M,4,TRN,4/10/1986,8/2/1963,"5'10""",WHT,BS,22.70410959,177.8
JLG0,F,3,TRN,2/6/1986,10/14/1962,"5'4""",WHT,BS,23.33150685,162.56
JLG1,M,3,TRN,4/16/1986,12/24/1959,"5'9""",WHT,BS,26.32876712,175.26
JLM0,F,4,TST,4/23/1986,7/2/1962,"5'3""",WHT,BS,23.82465753,160.02
JLN0,M,8,TST,3/7/1986,10/2/1955,"5'10""",WHT,MS,30.44931507,177.8
JLR0,F,3,TRN,2/4/1986,12/1/1960,"5'4""",WHT,BS,25.19452055,162.56
JLS0,M,4,TRN,1/17/1986,6/1/1960,"5'9""",WHT,BS,25.64657534,175.26
JMA0,M,2,TRN,3/18/1986,4/11/1962,"5'10""",WHT,BS,23.95068493,177.8
JMD0,M,2,TRN,4/18/1986,3/29/1958,"5'7""",WHT,MS,28.0739726,170.18
JMG0,F,4,TST,1/29/1986,7/4/1953,"5'5""",WHT,MS,32.59452055,165.1
JMM0,M,4,TRN,2/6/1986,10/16/1958,"5'9""",WHT,HS,27.32876712,175.26
JMP0,M,3,TST,3/24/1986,9/29/1962,"6'01""",WHT,BS,23.49863014,185.42
JPG0,M,5,TRN,1/30/1986,9/28/1962,"6'2""",WHT,BS,23.35616438,187.96
JPM0,M,2,TRN,2/25/1986,4/29/1958,"6'2""",WHT,BS,27.84657534,187.96
JPM1,M,4,TRN,2/27/1986,2/6/1938,"5'9""",WHT,HS,48.09041096,175.26
JRA0,M,7,TRN,2/5/1986,4/11/1955,"5'11""",WHT,BS,30.84383562,180.34
JRB0,F,8,TRN,2/17/1986,8/10/1958,"5'7""",WHT,AS,27.54246575,170.18
JRE0,F,2,TST,1/21/1986,8/7/1962,"5'6""",WHT,BS,23.4739726,167.64
JRF0,M,4,TST,3/10/1986,12/5/1945,"5'07""",WHT,MS,40.28767123,170.18
JRG0,M,5,TRN,2/25/1986,10/15/1956,"6'1""",WHT,BS,29.38356164,185.42
JRH0,M,4,TRN,1/22/1986,12/12/1960,"5'10""",WHT,BS,25.12876712,177.8
JRH1,M,3,TRN,1/24/1986,5/22/1962,"6'0""",WHT,BS,23.69315068,182.88
JRK0,M,6,TRN,3/19/1986,7/16/1940,"6'01""",WHT,MS,45.70410959,185.42
JRP0,M,2,TRN,2/3/1986,6/23/1958,"5'11""",WHT,HS,27.63561644,180.34
JRP1,F,7,TRN,3/4/1986,8/7/1940,"5'8""",WHT,HS,45.60273973,172.72
JSA0,F,5,TST,2/26/1986,9/13/1953,"5'7""",WHT,BS,32.47671233,170.18
JSJ0,F,8,TST,3/13/1986,9/18/1949,"5'05""",WHT,MS,36.50684932,165.1
JSK0,F,7,TRN,4/24/1986,2/4/1954,"5'10""",WHT,BS,32.23835616,177.8
JSP0,F,1,TRN,3/5/1986,7/6/1949,"5'3""",WHT,MS,36.68767123,160.02
JSR0,M,4,TRN,3/4/1986,12/26/1949,"5'11""",SPN,HS,36.2109589,180.34
JSW0,M,1,TST,4/16/1986,7/15/1953,"5'8""",WHT,MS,32.77534247,172.72
JTC0,M,8,TST,3/11/1986,11/23/1955,"5'11""",ORN,MS,30.31780822,180.34
JTH0,M,8,TST,2/14/1986,7/26/1958,"5'10""",WHT,MS,27.57534247,177.8
JVW0,M,3,TST,1/20/1986,7/19/1963,"6'0""",WHT,MS,22.52328767,182.88
JWB0,F,2,TST,2/11/1986,2/26/1954,"5'7""",WHT,MS,31.98082192,170.18
JWB1,F,4,TRN,3/4/1986,4/12/1956,"5'6""",WHT,BS,29.91232877,167.64
JWG0,M,5,TRN,3/20/1986,6/10/1961,"5'11""",WHT,BS,24.79178082,180.34
JWS0,M,4,TRN,1/24/1986,1/12/1940,"5'11""",WHT,BS,46.06575342,180.34
JWT0,M,1,TRN,2/26/1986,3/25/1953,"6'3""",WHT,BS,32.94794521,190.5
JXA0,M,5,TRN,3/19/1986,1/13/1950,"5'11""",WHT,BS,36.20273973,180.34
JXL0,M,4,TRN,1/29/1986,10/24/1927,"5'10""",WHT,HS,58.30684932,177.8
JXM0,F,5,TRN,1/31/1986,3/10/1958,"5'3""",BLK,HS,27.91506849,160.02
JXP0,F,4,TRN,1/22/1986,4/23/1962,"5'4""",WHT,BS,23.76712329,162.56
KAA0,F,2,TRN,1/31/1986,10/26/1958,"5'6""",WHT,BS,27.28493151,167.64
KAG0,M,7,TRN,4/9/1986,10/1/1939,"5'8""",WHT,BS,46.55342466,172.72
KAH0,M,2,TRN,3/21/1986,7/25/1956,"6'00""",WHT,MS,29.6739726,182.88
KAJ0,M,2,TRN,3/3/1986,7/5/1955,"5'6""",WHT,BS,30.68219178,167.64
KAM0,M,4,TRN,2/18/1986,11/12/1948,"6'0""",WHT,MS,37.29315068,182.88
KCH0,M,3,TST,2/25/1986,1/23/1956,"6'5""",WHT,PHD,30.11232877,195.58
KCL0,M,4,TST,2/13/1986,1/12/1947,"5'6""",WHT,BS,39.11506849,167.64
KDB0,M,7,TRN,3/18/1986,9/25/1955,"5'11""",WHT,MS,30.49863014,180.34
KDD0,M,8,TRN,3/31/1986,12/14/1955,"6'00""",WHT,MS,30.31506849,182.88
KDE0,F,7,TRN,1/24/1986,6/20/1962,"5'4""",WHT,AS,23.61369863,162.56
KDR0,M,7,TST,2/12/1986,11/2/1960,"6'2""",WHT,BS,25.29589041,187.96
KDT0,M,2,TRN,3/20/1986,8/2/1957,"5'08""",WHT,MS,28.64931507,172.72
KDW0,F,4,TRN,1/31/1986,10/14/1961,"5'0""",WHT,BS,24.31506849,152.4
KES0,M,6,TRN,2/5/1986,6/5/1955,"6'0""",WHT,BS,30.69315068,182.88
KFB0,F,1,TRN,4/9/1986,9/14/1950,"5'2""",WHT,BS,35.59178082,157.48
KJL0,M,7,TST,1/20/1986,11/18/1955,"6'1""",WHT,MS,30.19452055,185.42
KJO0,M,2,TRN,3/20/1986,12/5/1954,"6'00""",WHT,PHD,31.30958904,182.88
KKH0,F,5,TRN,2/13/1986,4/12/1958,"5'5""",WHT,MS,27.86027397,165.1
KLC0,F,4,TRN,4/10/1986,5/5/1960,"5'5""",WHT,BS,25.94794521,165.1
KLC1,F,6,TRN,4/24/1986,6/23/1962,"5'6""",WHT,BS,23.85205479,167.64
KLH0,F,8,TRN,2/6/1986,7/26/1961,"5'6""",WHT,BS,24.55068493,167.64
KLN0,M,6,TRN,4/7/1986,1/3/1957,"5'8""",WHT,BS,29.27671233,172.72
KLR0,M,7,TRN,4/29/1986,12/4/1959,"6'0""",WHT,BS,26.41917808,182.88
KLS0,M,1,TRN,3/5/1986,7/1/1952,"5'6""",WHT,MS,33.69863014,167.64
KLS1,M,3,TRN,3/25/1986,12/29/1961,"6'01""",WHT,BS,24.25205479,185.42
KLT0,M,5,TST,2/3/1986,6/13/1962,"5'11""",WHT,BS,23.66027397,180.34
KLW0,M,1,TRN,4/1/1986,11/22/1956,"5'09""",WHT,PHD,29.37534247,175.26
KMS0,F,3,TST,3/14/1986,4/6/1947,"5'08""",WHT,MS,38.96438356,172.72
KRG0,M,8,TRN,3/14/1986,8/10/1960,"6'00""",WHT,MS,25.60821918,182.88
KSR0,F,7,TRN,1/21/1986,2/13/1961,"5'8""",WHT,BS,24.95342466,172.72
KXL0,M,3,TRN,1/29/1986,10/24/1959,"5'11""",WHT,BS,26.28493151,180.34
LAC0,F,3,TRN,3/21/1986,3/23/1961,"5'06""",WHT,BS,25.0109589,167.64
LAG0,F,6,TRN,3/11/1986,12/20/1961,"5'02""",WHT,BS,24.23835616,157.48
LAS0,F,7,TST,3/14/1986,12/5/1961,"5'06""",WHT,BS,24.28767123,167.64
LBC0,M,4,TRN,2/5/1986,7/1/1956,"5'10""",WHT,MS,29.61917808,177.8
LBW0,F,4,TST,2/3/1986,4/26/1961,"5'7""",WHT,BS,24.79178082,170.18
LEH0,F,7,TRN,4/24/1986,9/18/1961,"5'5""",WHT,BS,24.61369863,165.1
LEL0,M,4,TRN,2/5/1986,1/27/1959,"5'7""",WHT,MS,27.04383562,170.18
LET0,F,7,TRN,1/23/1986,9/14/1961,"5'4""",WHT,BS,24.37534247,162.56
LHD0,F,4,TRN,2/21/1986,7/12/1947,"5'4""",WHT,MS,38.64109589,162.56
LIH0,M,5,TST,1/29/1986,1/10/1962,"6'0""",BLK,??,24.06849315,182.88
LJA0,F,5,TRN,5/8/1986,3/23/1954,"5'7""",WHT,MS,32.14794521,170.18
LJB0,M,4,TST,2/18/1986,12/14/1958,"5'11""",WHT,HS,27.2,180.34
LJC0,M,4,TRN,2/4/1986,5/4/1961,"5'10""",WHT,BS,24.77260274,177.8
LJD0,F,3,TRN,3/19/1986,3/6/1961,"5'06""",WHT,BS,25.05205479,167.64
LJG0,F,5,TRN,4/9/1986,2/17/1922,"5'7""",WHT,MS,64.18356164,170.18
LJH0,M,4,TRN,2/20/1986,3/15/1950,"6'0""",AMR,AS,35.96164384,182.88
LKD0,F,4,TST,2/25/1986,10/2/1962,"5'5""",WHT,BS,23.41643836,165.1
LKM0,F,4,TRN,2/5/1986,1/16/1951,"5'2""",WHT,HS,35.07945205,157.48
LLL0,M,4,TST,2/25/1986,5/27/1959,"5'6""",WHT,BS,26.76986301,167.64
LMA0,F,2,TRN,2/5/1986,6/20/1960,"5'8""",WHT,BS,25.64657534,172.72
LMC0,F,2,TRN,2/25/1986,11/10/1963,"5'8""",WHT,BS,22.30958904,172.72
LMK0,F,5,TRN,4/21/1986,5/10/1960,"5'0""",WHT,BS,25.96438356,152.4
LNH0,F,6,TST,2/3/1986,9/26/1960,"5'8""",WHT,BS,25.37260274,172.72
LNS0,M,3,TRN,2/28/1986,11/27/1959,"5'6""",WHT,HS,26.2739726,167.64
LNT0,M,3,TST,2/12/1986,4/9/1953,"5'6""",BLK,MS,32.86849315,167.64
LOD0,F,5,TRN,2/13/1986,12/5/1952,"5'2""",WHT,BS,33.21369863,157.48
LSH0,M,4,TRN,3/3/1986,8/14/1954,"5'9""",WHT,BS,31.57260274,175.26
LTM0,F,3,TRN,5/2/1986,12/21/1960,"5'2""",WHT,BS,25.37808219,157.48
MAA0,M,2,TRN,3/13/1986,7/12/1959,"5'10""",WHT,BS,26.68767123,177.8
MAB0,M,3,TST,2/25/1986,3/16/1958,"5'10""",WHT,HS,27.96712329,177.8
MAB1,M,5,TRN,3/14/1986,12/20/1954,"6'02""",WHT,BS,31.25205479,187.96
MAF0,F,4,TST,3/11/1986,3/7/1944,"5'05""",WHT,BS,42.03835616,165.1
MAG0,M,2,TRN,1/23/1986,10/21/1963,"6'2""",WHT,BS,22.2739726,187.96
MAH0,F,5,TST,2/13/1986,1/30/1963,"5'3""",WHT,AS,23.05479452,160.02
MAH1,F,7,TRN,3/19/1986,5/21/1961,"5'07""",WHT,BS,24.84383562,170.18
MAM0,M,3,TRN,4/7/1986,7/1/1961,"5'11""",WHT,BS,24.78356164,180.34
MAR0,M,3,TRN,2/20/1986,12/6/1957,"5'9""",WHT,??,28.22739726,175.26
MBG0,F,8,TRN,1/27/1986,1/10/1955,"5'4""",WHT,BS,31.06849315,162.56
MBS0,M,4,TRN,1/24/1986,3/17/1960,"6'2""",BLK,BS,25.8739726,187.96
MCC0,M,5,TRN,2/20/1986,6/10/1958,"5'8""",WHT,BS,27.71780822,172.72
MCM0,F,4,TST,1/29/1986,11/19/1959,"5'6""",WHT,BS,26.21369863,167.64
MDB0,M,6,TRN,4/10/1986,4/7/1954,"5'10""",WHT,BS,32.03013699,177.8
MDB1,M,2,TST,4/11/1986,6/3/1962,"5'10""",WHT,BS,23.87123288,177.8
MDG0,M,7,TRN,1/24/1986,10/8/1952,"5'10""",WHT,BS,33.31780822,177.8
MDH0,M,3,TST,4/18/1986,5/25/1957,"6'0""",WHT,MS,28.91780822,182.88
MDM0,M,4,TRN,2/18/1986,12/8/1958,"6'3""",WHT,HS,27.21643836,190.5
MDM1,M,5,TRN,3/3/1986,9/13/1957,"6'0""",WHT,HS,28.48767123,182.88
MDM2,M,2,TST,3/10/1986,1/14/1959,"5'11""",WHT,MS,27.16986301,180.34
MDS0,M,2,TRN,2/21/1986,7/5/1965,"6'0""",WHT,HS,20.64657534,182.88
MEA0,M,8,TRN,2/26/1986,8/5/1962,"5'8""",WHT,MS,23.57808219,172.72
MEB0,M,3,TRN,2/25/1986,2/25/1942,"6'0""",???,BS,44.03013699,182.88
MEM0,F,1,TRN,2/25/1986,6/17/1928,"5'7""",WHT,HS,57.73150685,170.18
MGC0,M,4,TRN,2/17/1986,2/26/1953,"6'2""",WHT,BS,32.99726027,187.96
MGD0,F,6,TST,3/31/1986,10/29/1931,"5'05""",WHT,HS,54.45753425,165.1
MGG0,M,1,TRN,5/8/1986,6/30/1960,"6'2""",WHT,MS,25.87123288,187.96
MGK0,M,2,TRN,2/20/1986,11/16/1963,"6'2""",WHT,BS,22.27945205,187.96
MJB0,F,2,TRN,1/29/1986,6/18/1963,"5'5""",WHT,HS,22.63287671,165.1
MJB1,M,3,TRN,2/28/1986,3/30/1959,"6'0""",WHT,BS,26.9369863,182.88
MJF0,F,3,TRN,2/6/1986,12/13/1954,"5'5""",WHT,MS,31.17260274,165.1
MJR0,M,3,TST,4/17/1986,12/11/1953,"6'1""",WHT,BS,32.36986301,185.42
MJU0,F,6,TRN,2/27/1986,4/23/1959,"5'3""",???,HS,26.86849315,160.02
MKC0,F,7,TRN,5/6/1986,12/9/1958,"5'6""",WHT,MS,27.42465753,167.64
MKF0,F,2,TRN,3/24/1986,8/7/1958,"5'03""",WHT,BS,27.64657534,160.02
MLD0,F,8,TST,3/26/1986,8/17/1960,"5'02""",WHT,MS,25.62191781,157.48
MLM0,M,8,TRN,3/20/1986,6/20/1947,"6'04""",WHT,MS,38.77534247,193.04
MMH0,F,2,TRN,3/25/1986,1/14/1963,"5'06""",WHT,BS,23.20821918,167.64
MML0,F,7,TST,4/21/1986,8/27/1961,"5'11""",WHT,BS,24.66575342,180.34
MPG0,F,5,TRN,4/8/1986,12/23/1932,"5'5""",WHT,HS,53.3260274,165.1
MPM0,M,8,TRN,4/29/1986,2/6/1956,"5'10""",WHT,BS,30.24657534,177.8
MRP0,M,1,TRN,2/28/1986,1/15/1959,"5'7""",WHT,HS,27.13972603,170.18
MSM0,M,3,TRN,1/21/1986,2/3/1963,"5'10""",WHT,BS,22.98082192,177.8
MVP0,M,5,TRN,2/13/1986,3/29/1961,"5'8""",WHT,BS,24.89589041,172.72
MWB0,M,5,TRN,4/10/1986,9/17/1962,"5'6""",WHT,??,23.57808219,167.64
MWH0,M,3,TST,1/16/1986,6/28/1959,"6'0""",WHT,BS,26.57260274,182.88
MWS0,M,8,TRN,3/20/1986,2/3/1961,"6'00""",WHT,BS,25.13972603,182.88
MWS1,M,7,TRN,5/5/1986,12/1/1954,"5'6""",WHT,MS,31.44657534,167.64
MXS0,M,2,TRN,3/19/1986,5/29/1954,"5'04""",WHT,AS,31.82739726,162.56
NET0,M,4,TRN,3/7/1986,12/2/1937,"5'11""",WHT,??,48.29315068,180.34
NJM0,M,7,TST,4/1/1986,3/30/1955,"6'02""",WHT,BS,31.02739726,187.96
NKL0,F,8,TRN,3/20/1986,2/7/1961,"5'07""",WHT,BS,25.12876712,170.18
NLP0,F,5,TST,3/7/1986,9/9/1955,"5'8""",WHT,BS,30.51232877,172.72
NLS0,M,7,TST,3/13/1986,3/10/1944,"6'00""",WHT,BS,42.03561644,182.88
NMR0,F,4,TST,2/27/1986,9/8/1954,"5'8""",WHT,MS,31.49315068,172.72
NTB0,F,3,TRN,1/31/1986,12/15/1960,"5'8""",WHT,MS,25.14520548,172.72
NTW0,M,7,TRN,5/2/1986,4/22/1961,"6'4""",WHT,BS,25.04383562,193.04
PAB0,M,7,TST,1/23/1986,4/10/1954,"5'7""",WHT,BS,31.8109589,170.18
PAB1,F,7,TRN,3/12/1986,4/9/1962,"5'10""",WHT,BS,23.93972603,177.8
PAC0,F,7,TRN,2/13/1986,3/18/1962,"5'2""",???,BS,23.9260274,157.48
PAD0,F,6,TRN,2/21/1986,9/23/1955,"5'3""",WHT,MS,30.43561644,160.02
PAF0,F,4,TRN,4/29/1986,6/15/1943,"5'5""",WHT,AS,42.90136986,165.1
PAM0,M,8,TST,1/30/1986,12/24/1957,"6'0""",WHT,MS,28.12054795,182.88
PAM1,M,6,TST,1/31/1986,6/7/1934,"5'11""",WHT  ,MS,51.68767123,180.34
PAR0,M,7,TRN,4/1/1986,1/21/1961,"5'08""",WHT,BS,25.20821918,172.72
PAS0,F,2,TST,4/1/1986,3/20/1963,"5'06""",WHT,BS,23.04931507,167.64
PAZ0,F,3,TRN,4/2/1986,4/15/1954,"5'5""",WHT,BS,31.98630137,165.1
PCS0,M,4,TST,2/25/1986,11/17/1960,"5'11""",WHT,BS,25.29041096,180.34
PDF0,M,2,TST,3/25/1986,4/27/1956,"5'11""",WHT,BS,29.92876712,180.34
PEB0,M,4,TRN,2/4/1986,5/31/1955,"6'0""",WHT,BS,30.70410959,182.88
PFU0,M,7,TRN,2/6/1986,11/18/1956,"5'7""",WHT,BS,29.23835616,170.18
PGH0,M,1,TRN,3/26/1986,9/10/1963,"5'08""",WHT,BS,22.55616438,172.72
PGL0,M,2,TST,1/20/1986,6/29/1961,"6'0""",WHT,BS,24.57808219,182.88
PGR0,M,1,TRN,3/3/1986,11/24/1961,"5'8""",WHT,BS,24.28767123,172.72
PGR1,M,6,TRN,3/18/1986,12/21/1959,"5'10""",WHT,BS,26.25753425,177.8
PJF0,F,2,TRN,4/23/1986,4/27/1960,"5'4""",WHT,BS,26.00547945,162.56
PKT0,F,3,TST,3/25/1986,8/9/1961,"5'04""",WHT,BS,24.64109589,162.56
PLB0,M,4,TST,2/27/1986,3/8/1952,"6'1""",WHT,HS,33.99726027,185.42
PLS0,F,8,TRN,4/2/1986,3/3/1965,"5'6""",WHT,HS,21.09589041,167.64
PMB0,M,5,TRN,3/18/1986,6/10/1910,"5'07""",WHT,BS,75.82191781,170.18
PMY0,F,5,TRN,1/27/1986,6/25/1958,"5'6""",BLK,HS,27.6109589,167.64
PPC0,M,2,TRN,3/3/1986,4/3/1960,"5'5""",WHT,BS,25.93150685,165.1
PRB0,M,2,TRN,1/31/1986,8/29/1953,"5'8""",WHT,AS,32.44657534,172.72
PRD0,M,3,TRN,3/4/1986,7/3/1950,"5'9""",WHT,AS,35.69315068,175.26
PRK0,M,4,TRN,1/17/1986,3/10/1958,"5'11""",WHT,MS,27.87671233,180.34
PRT0,M,4,TRN,1/31/1986,3/7/1953,"5'9""",WHT,PHD,32.9260274,175.26
PSW0,M,1,TRN,5/2/1986,2/11/1962,"5'10""",WHT,BS,24.23561644,177.8
PWM0,M,4,TST,1/23/1986,2/12/1956,"6'2""",WHT,BS,29.96712329,187.96
RAB0,M,2,TRN,2/4/1986,4/2/1954,"5'9""",WHT,BS,31.86575342,175.26
RAB1,M,4,TRN,3/13/1986,2/5/1953,"5'08""",WHT,PHD,33.12054795,172.72
RAI0,M,1,TRN,3/4/1986,1/2/1961,"5'8""",WHT,BS,25.18356164,172.72
RAM0,M,5,TRN,2/12/1986,10/31/1960,"6'1""",WHT,BS,25.30136986,185.42
RAM1,F,2,TST,2/25/1986,11/10/1960,"5'6""",WHT,MS,25.30958904,167.64
RAV0,M,5,TRN,4/16/1986,11/13/1960,"6'4""",WHT,MS,25.43835616,193.04
RBC0,M,3,TRN,2/4/1986,5/5/1960,"6'1""",WHT,HS,25.76986301,185.42
RCG0,M,1,TRN,3/4/1986,4/14/1945,"6'1""",WHT,MS,40.91506849,185.42
RCS0,M,7,TST,2/4/1986,12/7/1946,"6'0""",WHT,MS,39.1890411,182.88
RCW0,M,2,TRN,2/25/1986,7/14/1958,"6'3""",WHT,BS,27.63835616,190.5
RCZ0,M,2,TST,3/25/1986,4/2/1958,"5'09""",WHT,MS,27.99726027,175.26
RDD0,M,1,TRN,4/24/1986,12/25/1943,"5'11""",WHT,BS,42.35890411,180.34
RDM0,M,8,TRN,4/7/1986,9/28/1949,"6'2""",WHT,PHD,36.54794521,187.96
RDS0,M,3,TRN,1/28/1986,9/3/1953,"6'0""",WHT,MS,32.42465753,182.88
REB0,M,1,TST,2/25/1986,12/4/1958,"6'0""",WHT,BS,27.24657534,182.88
REE0,M,3,TRN,1/20/1986,8/25/1961,"6'6""",WHT,BS,24.42191781,198.12
REH0,F,7,TRN,2/18/1986,7/20/1962,"5'7""",WHT,BS,23.6,170.18
REH1,M,3,TRN,4/7/1986,5/12/1961,"5'9""",WHT,BS,24.92054795,175.26
REM0,M,7,TRN,4/2/1986,10/5/1934,"6'2""",WHT,BS,51.5260274,187.96
RES0,M,8,TST,2/3/1986,6/19/1962,"6'4""",WHT,BS,23.64383562,193.04
REW0,F,4,TST,2/12/1986,6/19/1952,"5'4""",WHT,MS,33.6739726,162.56
REW1,M,5,TRN,3/18/1986,4/8/1958,"6'00""",WHT,BS,27.96164384,182.88
RFK0,M,2,TRN,5/7/1986,12/3/1951,"6'2""",WHT,BS,34.44931507,187.96
RFL0,M,4,TRN,1/27/1986,9/22/1952,"5'4""",WHT,BS,33.36986301,162.56
RGG0,M,2,TST,1/31/1986,5/10/1961,"6'0""",WHT,BS,24.74520548,182.88
RGM0,M,4,TRN,1/28/1986,9/27/1954,"6'0""",BLK,HS,31.35890411,182.88
RGS0,M,2,TRN,2/25/1986,7/14/1963,"5'8""",WHT,HS,22.63561644,172.72
RHL0,M,2,TRN,3/19/1986,2/8/1954,"5'09""",WHT,MS,32.12876712,175.26
RJB0,F,6,TRN,3/4/1986,7/18/1959,"5'4""",WHT,PHD,26.64657534,162.56
RJB1,M,3,TRN,4/17/1986,9/1/1962,"6'4""",WHT,BS,23.64109589,193.04
RJH0,M,2,TRN,3/20/1986,2/19/1944,"5'09""",WHT,PHD,42.10958904,175.26
RJM0,M,2,TRN,2/4/1986,10/21/1956,"6'0""",WHT,BS,29.30958904,182.88
RJM1,M,2,TRN,2/14/1986,7/3/1947,"6'0""",WHT,MS,38.64657534,182.88
RJM3,M,5,TST,3/7/1986,8/9/1934,"6'01""",WHT,HS,51.6109589,185.42
RJM4,M,7,TST,3/14/1986,8/3/1950,"5'08""",WHT,MS,35.63561644,172.72
RJO0,M,1,TST,2/25/1986,5/15/1951,"5'10""",WHT,BS,34.80821918,177.8
RJR0,M,6,TST,1/29/1986,4/15/1958,"5'9""",???,MS,27.8109589,175.26
RJS0,M,6,TST,3/6/1986,7/20/1960,"5'07""",WHT,BS,25.64383562,170.18
RJT0,M,2,TRN,3/18/1986,9/12/1941,"6'00""",WHT,BS,44.54246575,182.88
RKM0,M,5,TRN,2/11/1986,10/27/1956,"5'11""",BLK,BS,29.31232877,180.34
RKO0,M,4,TST,2/27/1986,2/7/1941,"6'3""",WHT,HS,45.08493151,190.5
RLD0,M,5,TRN,4/2/1986,12/25/1955,"5'9""",WHT,MS,30.29041096,175.26
RLJ0,M,2,TRN,3/4/1986,12/6/1951,"5'8""",WHT,BS,34.26575342,172.72
RLJ1,M,7,TRN,4/23/1986,7/5/1960,"6'0""",WHT,BS,25.81643836,182.88
RLK0,M,8,TRN,3/12/1986,5/25/1951,"6'00""",WHT,BS,34.82191781,182.88
RLL0,F,2,TRN,3/19/1986,7/24/1962,"5'06""",WHT,BS,23.66849315,167.64
RLR0,M,2,TRN,1/30/1986,3/29/1959,"5'10""",WHT,MS,26.86027397,177.8
RMB0,M,6,TRN,4/1/1986,5/29/1953,"6'00""",???,BS,32.8630137,182.88
RMG0,M,7,TRN,5/8/1986,11/1/1943,"5'11""",WHT,PHD,42.54520548,180.34
RMH0,M,7,TRN,4/17/1986,2/26/1960,"6'2""",WHT,BS,26.15616438,187.96
RML0,M,5,TRN,3/4/1986,3/19/1953,"6'3""",WHT,BS,32.98082192,190.5
RMS0,M,2,TRN,3/12/1986,3/11/1960,"5'07""",WHT,BS,26.01917808,170.18
RMS1,M,7,TST,3/14/1986,4/27/1960,"6'00""",WHT,BS,25.89589041,182.88
RNG0,F,4,TST,2/25/1986,9/21/1961,"5'6""",WHT,HS,24.44657534,167.64
ROA0,M,4,TST,2/17/1986,10/8/1962,"6'3""",WHT,HS,23.37808219,190.5
RPC0,M,7,TST,1/22/1986,9/14/1960,"5'9""",WHT,BS,25.37260274,175.26
RPC1,M,7,TRN,3/13/1986,12/12/1962,"6'03""",WHT,BS,23.26575342,190.5
RPP0,M,5,TST,1/29/1986,9/12/1958,"5'11""",WHT,MS,27.4,180.34
RRE0,M,8,TRN,2/20/1986,12/16/1950,"5'10""",WHT,HS,35.20547945,177.8
RRK0,M,5,TST,2/13/1986,7/18/1941,"5'9""",WHT,MS,44.60547945,175.26
RSO0,M,1,TRN,4/18/1986,6/16/1960,"6'0""",WHT,MS,25.85479452,182.88
RSP0,M,4,TRN,3/4/1986,9/20/1953,"5'10""",WHT,HS,32.4739726,177.8
RTC0,M,3,TRN,3/11/1986,2/7/1958,"6'00""",WHT,BS,28.10684932,182.88
RTJ0,M,3,TRN,2/27/1986,11/14/1937,"5'11""",WHT,HS,48.32054795,180.34
RTK0,M,3,TST,1/14/1986,8/8/1958,"6'0""",WHT,MS,27.45479452,182.88
RVG0,M,5,TRN,1/23/1986,4/14/1954,"6'0""",WHT,BS,31.8,182.88
RWA0,M,3,TRN,4/8/1986,5/5/1960,"5'9""",WHT,BS,25.94246575,175.26
RWS0,M,1,TRN,1/20/1986,3/10/1959,"6'2""",WHT,BS,26.88493151,187.96
RWS1,M,5,TST,1/23/1986,7/23/1958,"5'10""",WHT,BS,27.52328767,177.8
RXB0,M,6,TRN,4/2/1986,3/16/1960,"5'10""",???,MS,26.0630137,177.8
SAG0,F,5,TRN,2/20/1986,10/1/1941,"5'5""",WHT,HS,44.41917808,165.1
SAH0,F,1,TRN,2/5/1986,3/9/1963,"5'9""",WHT,BS,22.92876712,175.26
SAH1,M,7,TRN,4/24/1986,11/13/1946,"5'10""",WHT,BS,39.47123288,177.8
SAK0,F,4,TRN,2/14/1986,5/25/1961,"5'2""",WHT,MS,24.74246575,157.48
SAS0,M,5,TRN,2/25/1986,12/13/1959,"6'4""",WHT,BS,26.22191781,193.04
SAT0,M,2,TRN,3/20/1986,7/21/1960,"5'11""",WHT,BS,25.67945205,180.34
SAT1,M,6,TRN,5/6/1986,2/10/1957,"5'5""",WHT,MS,29.25205479,165.1
SBK0,F,6,TRN,5/2/1986,8/13/1962,"5'2""",WHT,BS,23.73424658,157.48
SCN0,F,2,TRN,2/6/1986,11/27/1959,"5'2""",WHT,BS,26.21369863,157.48
SDB0,M,7,TRN,4/15/1986,6/20/1957,"5'11""",WHT,MS,28.83835616,180.34
SDC0,F,5,TRN,2/18/1986,7/16/1961,"5'5""",WHT,BS,24.6109589,165.1
SDH0,M,5,TRN,4/9/1986,11/25/1961,"6'0""",WHT,BS,24.38630137,182.88
SDJ0,F,6,TRN,1/21/1986,8/21/1962,"5'7""",WHT,BS,23.43561644,170.18
SDS0,M,6,TRN,5/7/1986,12/10/1958,"5'8""",WHT,MS,27.42465753,172.72
SEM0,F,4,TST,1/30/1986,10/7/1964,"5'0""",WHT,HS,21.32876712,152.4
SEM1,M,5,TRN,3/6/1986,2/12/1947,"6'0""",WHT,PHD,39.08767123,182.88
SES0,M,7,TRN,4/2/1986,9/11/1963,"5'8""",WHT,BS,22.57260274,172.72
SFH0,M,4,TRN,2/3/1986,1/14/1960,"5'10""",SPN,HS,26.0739726,177.8
SFH1,M,5,TST,2/11/1986,5/3/1959,"5'9""",WHT,MS,26.79726027,175.26
SFV0,M,3,TRN,2/11/1986,4/28/1951,"6'3""",WHT,BS,34.81643836,190.5
SGF0,F,6,TRN,3/26/1986,5/10/1942,"5'05""",WHT,MS,43.90684932,165.1
SJG0,F,5,TRN,3/31/1986,7/14/1957,"5'03""",BLK,BS,28.73150685,160.02
SJK0,M,6,TRN,4/7/1986,8/9/1931,"5'7""",WHT,BS,54.69863014,170.18
SJK1,F,1,TRN,4/18/1986,1/16/1961,"5'6""",WHT,BS,25.26849315,167.64
SJS0,F,3,TRN,1/28/1986,4/12/1957,"5'0""",WHT,BS,28.81643836,152.4
SJS1,M,1,TST,2/11/1986,7/23/1960,"5'9""",???,BS,25.57260274,175.26
SJW0,F,3,TRN,2/20/1986,8/15/1939,"5'5""",WHT,HS,46.55068493,165.1
SKC0,F,3,TRN,3/3/1986,4/10/1961,"6'0""",WHT,AS,24.91232877,182.88
SKL0,F,2,TRN,3/21/1986,12/11/1961,"5'06""",WHT,BS,24.29041096,167.64
SKP0,F,5,TRN,1/20/1986,12/15/1961,"5'8""",WHT,BS,24.11506849,172.72
SLB0,M,8,TST,1/30/1986,3/5/1955,"5'6""",WHT,MS,30.92876712,167.64
SLB1,F,2,TST,2/12/1986,9/18/1953,"5'8""",WHT,MS,32.42465753,172.72
SLS0,F,3,TRN,4/29/1986,2/24/1963,"5'9""",WHT,BS,23.19178082,175.26
SMA0,F,1,TRN,4/11/1986,7/31/1943,"5'3""",WHT,??,42.7260274,160.02
SMC0,M,4,TRN,2/12/1986,11/16/1955,"5'8""",WHT,MS,30.2630137,172.72
SMM0,F,5,TRN,2/18/1986,12/9/1955,"5'6""",WHT,MS,30.21643836,167.64
SMR0,M,6,TRN,2/28/1986,2/9/1952,"6'2""",WHT,BS,34.07671233,187.96
SMS0,M,4,TRN,3/5/1986,9/19/1939,"5'9""",WHT,??,46.49041096,175.26
SMS1,F,5,TRN,3/18/1986,6/19/1961,"5'00""",WHT,BS,24.76164384,152.4
SPM0,F,7,TRN,2/5/1986,6/20/1955,"5'4""",WHT,PHD,30.65205479,162.56
SRG0,M,4,TRN,2/3/1986,3/18/1960,"5'8""",WHT,BS,25.89863014,172.72
SRH0,F,2,TRN,2/14/1986,6/25/1962,"5'4""",WHT,HS,23.65753425,162.56
SRR0,M,5,TRN,1/23/1986,10/21/1961,"5'9""",WHT,BS,24.2739726,175.26
SSB0,F,4,TRN,5/9/1986,8/2/1953,"5'5""",WHT,BS,32.7890411,165.1
STF0,M,4,TRN,2/27/1986,7/22/1959,"5'10""",WHT,BS,26.62191781,177.8
STK0,M,1,TST,4/17/1986,12/4/1960,"5'11""",WHT,BS,25.38356164,180.34
SVS0,M,6,TRN,3/31/1986,9/4/1959,"6'02""",HSP,BS,26.5890411,187.96
SXA0,F,7,TST,1/21/1986,7/31/1959,"5'8""",WHT,BS,26.49589041,172.72
TAA0,M,3,TST,2/13/1986,12/10/1961,"5'6""",WHT,BS,24.19452055,167.64
TAB0,M,7,TRN,4/1/1986,9/27/1960,"6'02""",WHT,BS,25.5260274,187.96
TAJ0,F,6,TRN,2/20/1986,5/30/1960,"5'5""",WHT,BS,25.74520548,165.1
TAS0,M,4,TRN,2/26/1986,1/31/1960,"5'11""",WHT,BS,26.09041096,180.34
TAS1,M,2,TST,3/12/1986,4/22/1957,"5'11""",WHT,HS,28.90684932,180.34
TAT0,M,5,TRN,1/21/1986,8/8/1950,"6'3""",WHT,BS,35.47945205,190.5
TAT1,M,2,TRN,2/28/1986,5/20/1962,"6'0""",WHT,BS,23.79452055,182.88
TBC0,M,2,TRN,1/29/1986,10/19/1959,"6'6""",WHT,BS,26.29863014,198.12
TBR0,F,1,TRN,3/26/1986,9/11/1961,"5'04""",WHT,HS,24.55342466,162.56
TBW0,F,5,TRN,2/21/1986,7/27/1963,"5'9""",WHT,HS,22.5890411,175.26
TCS0,M,8,TRN,2/21/1986,2/19/1957,"5'8""",???,HS,29.02465753,172.72
TDB0,M,2,TRN,2/27/1986,7/7/1956,"6'2""",WHT,??,29.6630137,187.96
TDP0,M,5,TRN,3/20/1986,9/16/1962,"6'00""",BLK,BS,23.52328767,182.88
TDT0,M,3,TST,4/11/1986,11/29/1955,"5'9""",WHT,BS,30.38630137,175.26
TEB0,M,4,TST,1/23/1986,3/7/1960,"5'6""",WHT,BS,25.89863014,167.64
TER0,M,7,TRN,1/27/1986,8/29/1946,"5'9""",WHT,MS,39.44109589,175.26
THC0,M,3,TST,4/16/1986,7/1/1959,"5'10""",WHT,MS,26.8109589,177.8
TJG0,M,2,TRN,3/20/1986,11/27/1961,"6'03""",WHT,BS,24.3260274,190.5
TJM0,M,3,TRN,2/4/1986,5/22/1956,"5'7""",WHT,MS,29.7260274,170.18
TJS0,M,1,TRN,1/30/1986,3/29/1962,"5'10""",WHT,BS,23.85753425,177.8
TJU0,M,6,TRN,2/27/1986,1/12/1960,"5'11""",???,MS,26.14520548,180.34
TKD0,M,7,TRN,1/30/1986,12/27/1954,"5'7""",WHT,BS,31.11506849,170.18
TKP0,M,3,TRN,4/17/1986,3/22/1962,"6'0""",WHT,BS,24.08767123,182.88
TLB0,M,3,TRN,1/23/1986,4/11/1959,"5'11""",WHT,MS,26.80547945,180.34
TLC0,M,7,TRN,3/13/1986,6/15/1947,"5'07""",WHT,MS,38.76986301,170.18
TLG0,F,5,TRN,1/21/1986,4/1/1960,"5'6""",WHT,BS,25.82465753,167.64
TLH0,F,7,TST,4/16/1986,4/11/1955,"5'11""",WHT,BS,31.03561644,180.34
TLS0,M,4,TST,2/25/1986,9/2/1961,"5'11""",???,BS,24.49863014,180.34
TMG0,F,2,TRN,3/21/1986,6/25/1960,"5'04""",WHT,BS,25.75342466,162.56
TML0,M,7,TRN,5/1/1986,12/1/1961,"6'0""",WHT,BS,24.43013699,182.88
TMN0,M,7,TRN,4/30/1986,3/6/1962,"6'1""",WHT,BS,24.16712329,185.42
TMR0,M,2,TST,2/17/1986,5/2/1956,"5'10""",WHT,AS,29.81643836,177.8
TMT0,M,5,TRN,1/22/1986,3/19/1957,"5'10""",WHT,MS,28.86575342,177.8
TPF0,M,1,TRN,2/5/1986,9/2/1959,"5'9""",WHT,MS,26.44657534,175.26
TPG0,M,3,TRN,2/26/1986,11/4/1957,"5'10""",WHT,BS,28.33150685,177.8
TPP0,M,3,TRN,3/19/1986,1/25/1943,"6'01""",WHT,BS,43.17534247,185.42
TPR0,M,7,TRN,4/7/1986,9/6/1952,"5'10""",WHT,BS,33.60547945,177.8
TQC0,M,4,TRN,3/6/1986,8/9/1955,"5'11""",WHT,AS,30.59452055,180.34
TRC0,M,4,TRN,4/11/1986,12/18/1962,"6'1""",WHT,AS,23.32876712,185.42
TRR0,M,1,TRN,3/25/1986,7/18/1960,"5'11""",WHT,AS,25.70136986,180.34
TRT0,M,4,TRN,2/4/1986,8/12/1958,"6'4""",WHT,MS,27.50136986,193.04
TWH0,M,7,TST,1/30/1986,2/25/1960,"5'8""",WHT,BS,25.94794521,172.72
TWH1,M,7,TRN,3/19/1986,5/14/1960,"6'01""",WHT,BS,25.8630137,185.42
TXS0,M,6,TRN,4/29/1986,2/29/1956,"6'0""",WHT,AS,30.18356164,182.88
UTB0,F,5,TST,1/31/1986,9/22/1960,"5'10""",BLK,HS,25.37534247,177.8
VFB0,F,1,TRN,4/18/1986,4/14/1962,"5'2""",WHT,BS,24.02739726,157.48
VJH0,M,3,TRN,3/26/1986,6/3/1940,"5'07""",WHT,PHD,45.84109589,170.18
VKB0,F,7,TRN,1/27/1986,8/31/1961,"5'8""",WHT,BS,24.42465753,172.72
VLO0,M,5,TRN,1/24/1986,10/13/1946,"5'8""",WHT,MS,39.30958904,172.72
VMH0,F,1,TRN,3/11/1986,1/8/1960,"5'05""",WHT,BS,26.1890411,165.1
VRW0,M,7,TRN,3/13/1986,10/27/1959,"5'09""",WHT,MS,26.39452055,175.26
WAC0,M,5,TRN,4/7/1986,4/15/1929,"5'6""",WHT,MS,57.01643836,167.64
WAD0,M,1,TRN,4/30/1986,12/1/1960,"5'9""",WHT,BS,25.42739726,175.26
WAR0,M,1,TRN,4/23/1986,3/14/1959,"5'9""",WHT,BS,27.12876712,175.26
WBT0,M,1,TST,3/26/1986,5/24/1934,"6'00""",WHT,BS,51.8739726,182.88
WCH0,M,5,TRN,4/11/1986,7/16/1960,"5'10""",WHT,AS,25.75342466,177.8
WDK0,M,3,TRN,3/5/1986,11/13/1956,"6'2""",WHT,BS,29.3260274,187.96
WEM0,M,5,TRN,2/19/1986,2/2/1957,"5'2""",BLK,BS,29.06575342,157.48
WEW0,M,2,TST,2/25/1986,9/29/1958,"6'0""",WHT,BS,27.42739726,182.88
WGR0,M,3,TRN,4/9/1986,8/30/1961,"6'3""",WHT,MS,24.62465753,190.5
WJG0,M,3,TST,1/22/1986,12/23/1952,"6'0""",WHT,MS,33.10410959,182.88
WRE0,M,7,TRN,4/29/1986,9/25/1951,"5'9""",WHT,BS,34.61643836,175.26
WRP0,M,7,TRN,3/6/1986,10/11/1950,"5'08""",WHT,MS,35.42465753,172.72
WSB0,M,2,TRN,4/11/1986,7/31/1959,"5'8""",WHT,BS,26.71506849,172.72
WSH0,M,5,TRN,3/4/1986,6/1/1963,"6'0""",WHT,BS,22.77260274,182.88
WVW0,M,2,TST,3/13/1986,2/22/1962,"5'04""",WHT,BS,24.06849315,162.56
ZMB0,M,2,TRN,1/28/1986,8/31/1960,"5'10""",???,BS,25.42739726,177.8
